id,name,model_id:id,group_id:id,perm_read,perm_write,perm_create,perm_unlink
access_fk_programme,access_fk_programme,model_fk_programme,base.group_user,1,1,1,1
access_fk_department,access_fk_department,model_fk_department,base.group_user,1,1,1,1
access_fk_course,access_fk_course,model_fk_course,base.group_user,1,1,1,1
access_fk_batch,access_fk_batch,model_fk_batch,base.group_user,1,1,1,1
access_fk_faculty,access_fk_faculty,model_fk_faculty,base.group_user,1,1,1,1
access_fk_student,access_fk_student,model_fk_student,base.group_user,1,1,1,1
access_fk_class,access_fk_class,model_fk_class,base.group_user,1,1,1,1
access_fk_timetable,access_fk_timetable,model_fk_timetable,base.group_user,1,1,1,1
access_fk_ttdetails,access_fk_ttdetails,model_fk_ttdetails,base.group_user,1,1,1,1